filename	transcription
common_voice_ca_31378986.wav	per altra banda el seva seqüència numèrica no és fidel a l'ordre de composició
common_voice_ca_31340819.wav	el meu pare es lliuraran fabián f a b i a n
upc_ca_pau_101129.wav	aquí hauríem de funcionar amb uns objectius comuns i aquests objectius comuns no existeix res que ni els pensi ni els elabori ni ajunti
upc_ca_pau_101059.wav	no sé si és manca de coratge manca de personalitat o que veuen una manca de coratge i manca de personalitat els agents camp de compondre aquest triangle trinitari que té un misteri que vostè encara no ens ha resolt
common_voice_ca_31169713.wav	guim costa i calsamiglia és un arquitecte contemporani nascut a barcelona
common_voice_ca_30791849.wav	un home sosté un paraigua era una vorera molt transitada
common_voice_ca_31083166.wav	va editar una crisi més gran i va salvar el mercat
common_voice_ca_31792858.wav	a vint-i-tres de maig negarà na mireia iran al cine
upc_ca_pau_101070.wav	per tant votarem favorablement aquesta proposició no de llei a més tenen un component pedagògic que realment és d'agrair
common_voice_ca_31148020.wav	fins i tot en una disputa d'un contra un altre era possible barra
upc_ca_pau_101022.wav	en tot cas ells tindran a partir d'ara un vuitanta-set per cent de les accions i a nosaltres només ens en quedarà un xiii un teresa sí perquè tenien als cinquanta-dos més el trenta-cinc vuitanta-set quedem amb el xiii
common_voice_ca_31480904.wav	els actors eren set crim josh cuc xe imma rei i tot crim neil
upc_ca_ona_100029.wav	aquesta llei contemplarà la situació de les vint-i-nou mil persones que reben pensions no contributives de jubilació o les trenta una mil persones que reben pensions no contributives d'invalidesa
common_voice_ca_30957869.wav	els que fem i sospita que la mà l'amor s'havia convertit en una justiciera
upc_ca_ona_100072.wav	i és un refugi biològic al riu tort curiosament i és un refugi biològic des de fa molts anys potser portem quinze anys o divuit anys com a refugi biològic
common_voice_ca_31063184.wav	en els textos el cap d'estat té de vegades amplis poders
common_voice_ca_31361137.wav	he d'anar del carrer del segura al carrer del mar
common_voice_ca_31147959.wav	dos no es barallen si un no vol
common_voice_ca_20170672.wav	costa dues de planta amb molt poca alçada i un pis
common_voice_ca_31486252.wav	la cinta és muda i està influenciada pel cineasta mar clara
upc_ca_pau_101026.wav	nosaltres ho farem al revés de com ho volen pretendre vostès vostès incrementar en el cànon per tant accentuant la no competitivitat per tant invitant a la deslocalització
common_voice_ca_31295592.wav	com va anar l'operació
upc_ca_pau_101092.wav	per tant doncs una part de l'eix de les gavarres com a mínim pensem que caldria desdoblar-la o fins a palamós
upc_ca_pau_101086.wav	debat i votació del grup parlamentari d'iniciativa per catalunya-verds juntament amb un altre diputat del grup
common_voice_ca_31365503.wav	hi ha algun negoci al carrer baró d esponellà cantonada baró d esponellà
upc_ca_pau_101057.wav	és a dir és passar per damunt navegant no és un element transformador tal com està redactat ara perquè no va al fons
common_voice_ca_31464803.wav	telefonar al sisè o quaranta-u noranta-nou seixanta-nou
upc_ca_pau_101025.wav	era un mal projecte és un mal projecte la idea de la línia xii
common_voice_ca_31798277.wav	dimarts en guiu i na neus iran a carcaixent
upc_ca_ona_100002.wav	molt breument li volem agrair doncs les seves exposicions tant la d'ahir com avui a les seves respostes en nom del nostre grup parlamentari
common_voice_ca_31363197.wav	gairebé dos terços d'elles es troben en els estats que alguna vegada van ser confederats
upc_ca_pau_101083.wav	i ell només se'n recorda del nom i li diuen que vagi a la policia i ell diu que no sap on és i què no se'n recorda
common_voice_ca_31417564.wav	el meu pare es diu bosco verge v es herència a
upc_ca_pau_101003.wav	volem desitjar-li èxits per aquestes jornades doncs que organitza la setmana entrant la federació iberoamericana de voluntaris aquí a barcelona i també exitosa la seva presidència europea també de voluntaris
common_voice_ca_31121147.wav	vull anar a sant joan de les abadesses amb trenc
upc_ca_ona_100048.wav	el mes de juny de l'any dos mil el secretari general de l'esport va trametre a la secretaria general del departament un nou avantprojecte sobre funcions organització i funcionament del consell
upc_ca_pau_101068.wav	i llavors el rector així diu s'ha de dir això perquè no passi això
upc_ca_ona_100015.wav	tot i que també de dir que són coneixedors de l'àmbit de l'espai que té aquest centre d'assistència primària de palafrugell i probablement en podríem dir que no hi cap
common_voice_ca_30886881.wav	afegeix a la gent del número de la fàtima alta mirall sis cinquanta-vuit seixanta-dos deu cinquanta-sis
upc_ca_ona_100105.wav	fa tres anys no tenia les dues bessones les dues bessones de sis anys han arribat ara no no és cert l'any que ve hi haurà xiii nens
common_voice_ca_31337800.wav	reis va fugir llavors ratxa cas per entrevistar-se amb el primer ministre aro wilson
common_voice_ca_20325543.wav	el cap de dos anys estava donant calaix de la mateixa institució
upc_ca_pau_101013.wav	això no vol dir que la xarxa no ha de ser flexible flexible per als diferents menors que ja no només flexible entre els autòctons i els que vénen sols és que també entre els autòctons i hauria d'haver flexibilitat
upc_ca_pau_101032.wav	això sí que em reconeix qui treballem perquè no hi havia producte
upc_ca_pau_101028.wav	de conformitat amb la disposició final primera i el que estableix l'article cent onze puno del reglament del parlament de catalunya l'aprovació de la proposta de reforma del reglament del parlament requereix l'aprovació en votació final per la majoria absoluta
common_voice_ca_30759190.wav	alhora més i més diari romanesos van publicar història sobre això
common_voice_ca_31434398.wav	actualment es troben en actiu del pla en david lópez
common_voice_ca_30778960.wav	malauradament no parlem de la meua prudència
upc_ca_ona_100038.wav	i ves per on aquest debat polític i acadèmic i academicista del federalisme ha trobat un millor acomodament en aquesta invasió i la interferència de les noves tecnologies concretar un pedaços de federalisme
upc_ca_ona_100045.wav	a la resta del territori
common_voice_ca_31246492.wav	menja estrelles de mar crustacis cucs mol·luscs i peixets
common_voice_ca_31295233.wav	francesc murgades i verdi és un biòleg i periodista especialitzat en gastronomia nascut a vilanova i la geltrú
common_voice_ca_31320906.wav	era propietari de l'àngel in mans filippo aus que regentava fora de temporada
common_voice_ca_31107626.wav	he d'anar al carrer del rec comptant amb tren
common_voice_ca_31239888.wav	també escrigué cançons música per a piano coral orquestral i per al cinema
upc_ca_pau_101010.wav	per tant no puc
common_voice_ca_31376532.wav	després d'una escala de dos dies a hawaii el demà es va dirigir cap a la costa oest
common_voice_ca_31811566.wav	el nou d'octubre en marc i na carla aniran a pontils
upc_ca_ona_100078.wav	llavors vostè en dia això de molts microtalls a mi m ha semblat que amb una veu una tesi semblant al cas dels aparells de refrigeració home no és aquesta són talls
upc_ca_ona_100055.wav	quedo lucinat és el que ens proposen les confraries de cor això ja ho sé que és el que els proposen les confraries
common_voice_ca_31373745.wav	durant la seva carrera va jugar a l'arsenal el ni dels bru i alcohol city
common_voice_ca_30816585.wav	els homes adoni fan es van apropar els terraplens mexicans de més al sud controlats per les millors tropes de heredia
common_voice_ca_31296815.wav	qui organitza l'obra de teatre dels nens
common_voice_ca_31302775.wav	el meu pare es diu martí pita p i té a
common_voice_ca_31414645.wav	pere darder i vidal és un pedagog i escriptor nascut a barcelona
upc_ca_pau_101044.wav	no hi ha cap més esport arreu del món però jo parlo per catalunya que paga per anar a practicar l'esport
common_voice_ca_31696838.wav	el déu d'agost la sira ira d'excursió
common_voice_ca_31811117.wav	m'ha passat en què havien jordi aniran a blanes
upc_ca_pau_101090.wav	el que sí que hem fet ha estat anar intentant reconduir-lo perquè no fos tan dolent com el principi
upc_ca_ona_100077.wav	b o sigui m'han demanava les xifres aquestes xifres les hi donaré perquè les hem de revisar
upc_ca_ona_100071.wav	b la necessitat d'una escola de primària a vallgorguina un ceip a vallgorguina està claríssim
common_voice_ca_31345769.wav	aquest cap de setmana m'agradaria anar foios
common_voice_ca_31326681.wav	el cor de pare per als angoixes de sobre
upc_ca_ona_100034.wav	és que era una llista era un inventari
upc_ca_pau_101046.wav	però el més greu amb relació a les dades d'intensitat de pas de vehicles és que d'aquests vehicles concretament tres mil sis-cents quaranta-dos s'estima que seran vehicles pesants
upc_ca_ona_100069.wav	en l'europa del futur però l'europa del futur vol dir l'europa de demà mateix a l'europa del futur només i sobreviuran aquelles nacions que tinguin una projecció cultural sòlida sòlida en el context universal i individualitzada en aquest context
upc_ca_ona_100106.wav	i el mateix consell d'administració va ser qui ens va requerir que explorer cim les vies del contracte de prestació de servei
common_voice_ca_31345505.wav	per ells l'assentament primer va prendre nom d'alevins tronc
common_voice_ca_31503560.wav	estudià a càller on es graduà en dret civil i canònic
upc_ca_ona_100062.wav	el nomenament del nou director serà en aquest sentit fonamental i desitgem que no respongui als criteris anteriors sinó que respongui als criteris que vostè ha explicat
upc_ca_ona_100008.wav	és a dir la primera és anem a l'emergència moguem mitjans dins de l'emergència treballem dins de l'emergència
upc_ca_pau_101051.wav	raula suposo que per la petició calia fet l'il·lustre diputats senyor xavier soy
common_voice_ca_31173900.wav	mireia bon i auri veres és una professora i política nascuda pals
upc_ca_ona_100025.wav	era un mal projecte és un mal projecte la idea de la línia xii
common_voice_ca_31167999.wav	jaume roig i padró va ser un metge i polític nascut a reus
upc_ca_pau_101078.wav	home no és aquesta són talls
common_voice_ca_31390571.wav	quina és la millor manera d'arribar a la plaça de pi aire de mandy algues
upc_ca_pau_101106.wav	i el mateix consell d'administració va ser qui ens va requerir que explorer cim les vies del contracte de prestació de serveis
upc_ca_pau_101075.wav	vostè ens ha parlat de l'esforç inversor de l'institut català de finances i del paper del pressupost de la generalitat
common_voice_ca_17852479.wav	no puc venir perquè d acompanyar la meva mare al metge
common_voice_ca_27232411.wav	es van posar el nom de rasputin per una de les cançons de queda
upc_ca_ona_100087.wav	finalment plantegem que mentre no es faci aquest nou pla director amb aquests criteris que nosaltres plantegem doncs no hi hagi més nous camps de golf en el territori català
common_voice_ca_31376805.wav	els verds centrals són apuntats i els laterals rodons
common_voice_ca_31074124.wav	viu van dur agricultura de subsistència
upc_ca_pau_101061.wav	i precisament per aquest motiu no es podrà implantar sempre hem dit que qualsevol iniciativa que vagi encaminada a fer onejar m català o un sistema de mesurament per a les emissores catalanes
upc_ca_pau_101049.wav	aquest projecte d'alguna manera intentava donar resposta al que els ha expressat anteriorment separar desglossa tot el que era govern del que són estructura i funcionament
common_voice_ca_31089515.wav	va anar a la cova amb lenta la filla menor del seu pare adoptiu
common_voice_ca_31149064.wav	en són exemples el llim o l'argila
upc_ca_ona_100107.wav	evidentment millorant les evidentment dotant-les evidentment dotant-les en termes tecnològics i mar
common_voice_ca_30746873.wav	al·lel williams ha publicat un llibre titulat moldre mar màgics handbook foti camps
common_voice_ca_31135093.wav	com a debutant gana i es va comprometre desenvolupar un estil de joc defensiu
common_voice_ca_31078509.wav	també al museu de ciències adreçat als infants i diverses esglésies
upc_ca_pau_101037.wav	realment el ceip no es poden tocar perquè són decrets reials bullir que no es pot tocar però jo crec que de mica en mica ho anirem tocant
upc_ca_ona_100100.wav	el vint-i-vuit ter és una iniciativa una proposició no de llei sobre la necessitat de dotar el municipi de teià a la comarca del maresme d'un institut d'ensenyament secundari és una iniciativa impulsada per tots els grups parlamentar
upc_ca_ona_100056.wav	i amb l'afany de ser breu perquè haig de ser breu la llei l'esborrany que jo he tingut a les mans i amb què i participat en alguna sessió en un àmbit molt concret d'un subsector molt concret per a mi per una figura jurídica és surf
upc_ca_pau_101098.wav	en aquest sentit li haig de dir que el nivell assistencial de la malaltia inflamatòria catalunya en aquests moments és idèntica a la que puguin donar-li el remei al clínic quant a tractaments i quant a un tipus de coses
common_voice_ca_27293083.wav	es troba a l'est de la ciutat de luxemburg
upc_ca_pau_101089.wav	no hi ha concrecions de les mesures sobre les afectacions que en el cas del riu són impressionants i per la canalització que si porta a terme també
common_voice_ca_31132763.wav	la revista va ser fundada per una escriptora i editora maria no canta
common_voice_ca_31277562.wav	eulàlia és natural de solivella
upc_ca_ona_100012.wav	debat i votació de la sol·licitud de compareixença del partit d'iniciativa per catalunya
upc_ca_ona_100021.wav	sí molt bé jo hi parlava amb un pagès del cantó de ripoll doncs que li arriba la llum però esclar a i es va quedar tot el matí sense electricitat
common_voice_ca_19937262.wav	té una entrada lleugerament desplaçada cap a la dreta
upc_ca_pau_101045.wav	sabent poblat amb relació a la resta del territori
upc_ca_pau_101099.wav	llavors arriba uns moments que les dones quan ja no pot més l'hem de deixar de treballar o hem d'agafar arnús que ens facin un acomiadament improcedent però com si fos procedent perquè no podem continuar
upc_ca_pau_101053.wav	el petit comerç ho fa simplement per una raó de preus i per una raó d'estalvi no precisament per una raó que es beneficia o que compra per impuls
upc_ca_pau_101036.wav	digues no miri és un esquizofrènic com podria ser diabètic però no és diabètic és esquizofrènic i punt
common_voice_ca_31085493.wav	que inclou també la fauna
upc_ca_ona_100019.wav	no dubti que si vostè amb pregunta en qualsevol moment sobre l'estat d'aquests dos assumptes judicials en què està personada la generalitat de catalunya jo de tot el que em demani informació i transparència li donaré
upc_ca_pau_101079.wav	ja està ja els hem tornat però no parlem de mercadeig polític ni hem de parlar de mercadeig polític perquè del que estem parlant és de finances públiques i d'ajuts i de temes molt seriosos que seria bo que no se'n feia cap tipus de frivolitat
common_voice_ca_31798275.wav	divendres na nina i na clara aniran a la biblioteca
upc_ca_ona_100050.wav	evidentment si no s'ha fet nosaltres continuem insistint que és necessari que es faci i per tant hem de donar suport a aquesta proposició no de llei però recordant això que estem duplicant un mandat que ja existia de l'any noranta-set
common_voice_ca_31457791.wav	laureà dalmau i pla va ser un metge i escriptor i polític nascut a agullana
common_voice_ca_31246494.wav	divendres hauria d'anar les de cuiro
upc_ca_pau_101020.wav	l'accident de trànsit avui a catalunya és la primera causa de mortalitat de cinc trenta-quatre anys entre els catalans i catalanes
common_voice_ca_31481035.wav	serveix per fer valoracions contrastant el risc de les inversions o la immobilitat de lectiu
upc_ca_pau_101077.wav	b o sigui m'han demanava les xifres aquestes xifres les hi donaré perquè les hem de revisar
upc_ca_ona_100103.wav	aquí se'ns va dir que es faria un pla director d'educació especial i aquest és el tema important el tenim o no alta
upc_ca_ona_100076.wav	el senyor casajuana i pla de llorenç intervé sense fer ús del micròfon
upc_ca_ona_100033.wav	escolti vostè diu que el mapa de recursos no valia o i tant que
common_voice_ca_31241498.wav	vane va guanyar sis de les deu rondes per guanyar la decisió
common_voice_ca_19928548.wav	cada integrat en la baronia episcopal de cabacés del bisbe i capítols de tortosa
upc_ca_pau_101004.wav	el que plantejava l'acompanya marisa fa al moment que s'obrien les quotes amb relació al servei domèstic i no d'altres opcions no tenia res a veure amb el mercat de treball
common_voice_ca_31222391.wav	el servei postal dels estats units gestiona l'oficina de correus de fora city
common_voice_ca_30855397.wav	posteriorment va ser decapitat el seu cap es va enviar embotellat després és afí
common_voice_ca_31261312.wav	prou es vanten de dir res i valia
upc_ca_pau_101094.wav	és per tant l'administració central qui té totes les competències
upc_ca_pau_101076.wav	el senyor casa joana i pla de llorenç intervé sense fer ús del micròfon
upc_ca_ona_100032.wav	això sí que ho reconeix que hi treballem perquè no hi havia producte
upc_ca_pau_101034.wav	és que era una llista era un inventari
common_voice_ca_31783620.wav	t'has fixat quim pitar fill fill meu
common_voice_ca_31168000.wav	fan treballs manuals i aprenen coses sobre els animals de l'estany
common_voice_ca_18179316.wav	sa pobresa no és vilesa
upc_ca_pau_101134.wav	per tant el fòrum també té una presència i també té una manifestació que no és territorial sinó que es manifesta en l'espai virtual d'internet que és el que anomenem el fòrum virtual és el fòrum la xarxa
common_voice_ca_31225995.wav	p obra al museu reina sofia
common_voice_ca_30768701.wav	
common_voice_ca_28791268.wav	tot el complex està protegida contra els terratrèmols per un anell subterrani de goma
upc_ca_ona_100041.wav	per exemple al país basc nou té el país basc va a lleó a castella lleó
common_voice_ca_31471261.wav	guarda al cis noranta-dos noranta-tres vint-i-sis quaranta-u com a telèfon de l'alè dis villaverde
common_voice_ca_19290202.wav	anem a gàtova
upc_ca_pau_101082.wav	vull que se'ls pregunti com es diu vostè doncs amb dic josep potser i no es diu josep potser es diu ramon però com a mínim una foto i el nom josep si no volen donar res més
upc_ca_pau_101091.wav	em sembla que a diferència del senyor boada també uneix que comuniqui l'interior de les comarques gironines olot amb la costa brava és més necessari que sigui potent i desdoblat
common_voice_ca_31319263.wav	albert gelis juanola és un nedador nascut a girona
upc_ca_pau_101097.wav	una cosa és fer una campanya dins de catalunya o dins de l'estat espanyol i una altra cosa és fer una campanya a fora
common_voice_ca_19908846.wav	allà treballen més de mil persones
upc_ca_ona_100026.wav	nosaltres ho farem al revés de com ho volen pretendre vostès vostès incrementant el cànon per tant accentuat la no competitivitat per tant invitant a la deslocalització
upc_ca_ona_100091.wav	ens sembla que a diferència del senyor boada també un eix que comuniqui l'interior de les comarques gironines olot amb la costa brava és més necessari que sigui potent i desdoblat
common_voice_ca_31342983.wav	no ja dimorfisme sexual en el color
upc_ca_ona_100016.wav	vostè ens ha vingut a dir que hi ha unes grans diferències entre la uab ser i la comissió
common_voice_ca_31085491.wav	aquests també tenien un origen museístic
upc_ca_pau_101056.wav	i amb l'afany de ser breu perquè haig de ser breu la llei l'esborrany que jo he tingut a les mans i amb què ha participat en alguna sessió en un àmbit molt concret d'un subsector molt concret per a mi per una figura jurídica és surf
common_voice_ca_31434512.wav	diversos models dimarts s'han fet servir per crear i mag aquàrium
upc_ca_pau_101018.wav	i no dubti que quan jo tingui notificació de qualsevol control intern ho torno a dir impulsats per la mateixa conselleria li ho donaré
upc_ca_pau_101054.wav	nosaltres en aquests moments no demanem ja protecció com demanava sempre al sector tèxtil protegir unos protegir un ús no en aquests moments no demanem protecció no la volem i ho dic en veu alta
upc_ca_pau_101014.wav	i estem parlant d entitats que lloguen pisos per després fer de mediadors ho estem parlant d'ajuntaments que lloguen pisos distribuïts per les ciutats per no fer guetos
common_voice_ca_31302556.wav	josep torredeflot i soler va ser un futbolista nascut a barcelona
common_voice_ca_31750472.wav	per cap d'any na carla eina sansa aniran a castellnou
upc_ca_ona_100064.wav	o ara aquí per exemple tenim escriptura i esborranys impresos oficials biblioteca bases de dades sortida al carrer i etiquetes podem sortir i anar aquí i anar allà anar allà etcètera
upc_ca_ona_100044.wav	no hi ha cap més esport arreu del món però jo parlo per catalunya que paga per anar a practicar l'esport
upc_ca_ona_100097.wav	una cosa és fer una campanya dins de catalunya o dins de l'estat espanyol i una altra cosa és fer una campanya fora
upc_ca_pau_101084.wav	jo amb el permís dels meus companys vaig dir a l'inspector d'aquí de la via laietana que amb això no hi estàvem d'acord
upc_ca_pau_101062.wav	el nomenament del nou director serà en aquest sentit fonamental i desitgem que no respongui als criteris anteriors sinó que respongui als criteris que vostè ha explicat
common_voice_ca_31340504.wav	actualment és síndic de greuges de la universitat de vic
common_voice_ca_31497154.wav	el poble té un gran context històric
common_voice_ca_30828394.wav	el riu gais hi ha poblacions de salmó platejat truita de clark i truita arc de sant martí d'hivern
common_voice_ca_19911316.wav	el palau de benifairó dels balls va tenir gran importància
upc_ca_ona_100014.wav	i estem parlant d entitats que lloguen pisos per després fer de mediadors ho estem parlant d ajuntaments que allò que en pisos distribuïts per les ciutats per no fer guetos
upc_ca_ona_100098.wav	en aquest sentit li haig de dir que el nivell assistencial de la malaltia inflamatòria a catalunya en aquests moments és idèntica a la que puguin donar-li el remei i el clínic quan de tractaments i quanta un tipus de co
upc_ca_pau_101000.wav	igualment la regulació de la conservació de la història clínica permetrà resoldre casos que a hores d'ara van arribant donant un
upc_ca_ona_100067.wav	aleshores és aquest tipus d'informació que m'agradaria si la tenen que subministra si és a dir sobre els estudiants matriculats quants aproven e quants es mantenen
upc_ca_pau_101066.wav	si creiem que aquestes tecnologies han d'utilitzar en benefici de la cultura de l'aigua l'asil entre cultures persones a lletra de la disminució de la separació ens en sortirem
upc_ca_ona_100051.wav	raula suposo que per la petició que li ha fet l'il·lustre diputat senyor xavier soy
upc_ca_ona_100065.wav	hom imagina el que desitja hom obté el que imagina i finalment hom creà el que vol
upc_ca_ona_100057.wav	és a dir és passar per damunt navegant no és un element transformador tal com està redactat ara perquè no va al fons
common_voice_ca_31814500.wav	no li fa cap gràcia que el substitueixi moro
common_voice_ca_20502079.wav	edifici en cantonada i pati posterior de planta baixa i dues plantes pis
common_voice_ca_30763773.wav	em dic aura parreño p a r r a ella o
upc_ca_ona_100053.wav	el petit comerç ho fa simplement per una raó de preus i per una raó d'estalvi no precisament per una raó que es beneficia o que compra per impuls
common_voice_ca_31132759.wav	la fosa de ferro està determinada pel seu contingut de carbó
upc_ca_ona_100094.wav	és per tant l'administració central qui té totes les competència
common_voice_ca_30882479.wav	un obrer amb casc parla per telèfon
common_voice_ca_30935636.wav	nascuda a més xirgu org sumen entrenava per a una carrera com a cantant a berlín i a dresden
common_voice_ca_31056644.wav	les probabilitats semblen favorables
common_voice_ca_19503277.wav	aquest nom és la meva intervenció manual guerra civil britànica
common_voice_ca_30816592.wav	la xifra de casos de dilluns era superior
upc_ca_ona_100099.wav	llavors arriba uns moments que les dones quan ja no podem més ho hem de deixar de treballar o hem d'agafar nus que ens facin un acomiadament improcedent però com si fos procedent perquè no podem continuar
upc_ca_ona_100073.wav	mirant al futur potser corregirem allò que interessa el país i el nostre grup i el nostre govern estarà molt molt agraïts de la col·laboració que puguem rebre del seu col·legi
upc_ca_ona_100089.wav	no hi ha concrecions de les mesures sobre les afectacions que en el cas del riu són impressionants i per la canalització que si porta a terme també
common_voice_ca_31089514.wav	marca el cis vuitanta-set noranta-u setanta-quatre déu
upc_ca_pau_101002.wav	molt breument li volem agrair doncs les seves exposicions tant la d'ahir com avui a la seva respostes en nom del nostre grup parlamentari
common_voice_ca_31325506.wav	josep meseguer otger és un empresari i polític nascut a santa linya
common_voice_ca_31719365.wav	dimarts na carla i nadia aniran a torres de segre
upc_ca_ona_100081.wav	un registre de totes aquelles persones que sense sostre va anar un menjador va anar algun lloc a dutxar-se i van a canviar-se de roba
common_voice_ca_30886880.wav	baile va néixer a sheffield anglaterra
upc_ca_ona_100004.wav	el que plantejava l'acompanya marisa fa un moment que s'obrien les quotes amb relació al servei domèstic i no d'altres opcions no tenia res a veure amb el mercat de treball
common_voice_ca_31402794.wav	una persona que porta una camisa ratlles auriculars i un mocador observa un carrer amb un camió gran que passa per allí
common_voice_ca_31222392.wav	el sínode de toledo havia de decidir sobre el conflicte
upc_ca_pau_101100.wav	el xx divuitè és una iniciativa una proposició no de llei sobre la necessitat de dotar el municipi de teià a la comarca del maresme d'un institut d'ensenyament secundari és una iniciativa impulsada per tots els grups parlamentaris
upc_ca_pau_101001.wav	després a poc a poc han anat sorgint altres síndics locals no
upc_ca_ona_100035.wav	i sàpiga que des del meu punt de vista el que passarà serà que el proper govern al decidiran els ciutadans de catalunya a les urnes i d'aquí un any i mig
upc_ca_pau_101085.wav	amb això
common_voice_ca_31340621.wav	francesc balagué i anglada va ser un empresari nascut a figueres
upc_ca_ona_100075.wav	vostè ens ha parlat de l'esforç inversor de l'institut català de finances i del paper del pressupost de la generalitat
common_voice_ca_30976359.wav	el govern de la ciutat es divideix en els poders executiu i legislatiu
common_voice_ca_31135103.wav	m'ho fa és la contracció de motor fregat la paraula alemanya que s'utilitza per a motocicleta
upc_ca_ona_100003.wav	volem desitjar-li èxits per aquestes jornades doncs que organitza la setmana entrant la federació iberoamericana de voluntaris aquí a barcelona i també èxits a la seva presidència europea també de voluntaris
common_voice_ca_31507051.wav	el pioner memòria al parc que no tots any leigh ara té jardins i camins per l'esbarjo passiu
upc_ca_ona_100104.wav	és perquè totes les comarques puguin arribar a saber cap a on anem i cap a on ens encaminem i amb quines prioritzar
upc_ca_ona_100063.wav	en aquest sentit li donem senyor conseller ara sí que em dirigeixo a vostè ple suport
upc_ca_pau_101009.wav	penso que és més com a mínim pedagògic sobretot per a vostès que no pas escoltar un rotllo d'una hora llegir d'un paper
upc_ca_ona_100001.wav	per tant des del primer moment vaig ser molt sensible en aquest tema vaig tenir bona relació en aquell moment amb el síndic de la paeria després a poc a poc han anat sorgint altra síndics locals no
upc_ca_pau_101064.wav	o ara aquí per exemple tenim escriptura i esborranys impresos oficials biblioteca bases de dades sortida al carrer i etiquetes podem sortir i anar aquí i anellar anar allà etcètera
common_voice_ca_31420992.wav	la seva probòscide és relativament curta i estreta i de longitud similar al fèmur davanter
common_voice_ca_30798361.wav	si s'aprova es pot sol·licitar fer l'examen pràctic de conducció
common_voice_ca_30858097.wav	estat islàmic confirma que han comès l'atemptat
upc_ca_ona_100037.wav	realment al ceip no es poden tocar perquè són decrets reials vull dir que no es pot tocar però jo crec que de mica en mica ho anirem tocant
upc_ca_ona_100010.wav	per tant no puc
upc_ca_pau_101030.wav	o aquelles tres mil persones que reben el subsidi d'ingressos mínims de la lismi que cobra només dos mil noranta-vuit euros l'any estic dient l'any
upc_ca_pau_101103.wav	aquí se'ns ens va dir que es faria un pla director d'educació especial i aquest és el tema important el tenim o no el tenim
common_voice_ca_31083168.wav	fora de l'índex hi ha altres tres peces dues de les quals també estan duplicar les
upc_ca_ona_100030.wav	o aquelles tres mil persones que reben el subsidi d'ingressos mínims de la lismi que cobren només dos mil noranta-vuit euros l'any estic dient l'any
common_voice_ca_30828399.wav	el senyor jacobo buits contraataca
common_voice_ca_30871150.wav	l'amfiteatre és el local més concorregut del complex
upc_ca_ona_100082.wav	vull que se'ls pregunti com es diu vostè doncs em dic josep potser no es diu josep potser es diu ramon però com a mínim una foto i el nom josep sinó volen donar res més
common_voice_ca_28791267.wav	fa molt no nova semblaves de recuperar mai d'aquesta pèrdua
upc_ca_pau_101048.wav	el mes de juny de l'any dos mil el secretari general de l'esport va trametre la secretaria general del departament un nou avant projecte sobre funcions organització i funcionament del consell
common_voice_ca_31811352.wav	demà en maria i en què hi aniran a sant climent de llobregat
upc_ca_pau_101039.wav	per tant potser vindrà però també doni'm un cert marge de capacitat i de confiança en l'equip de la conselleria per intentar evitar que no arribi
common_voice_ca_20227727.wav	si poden distingir dues covetes bàsicament similars
common_voice_ca_31721010.wav	demà en blai en jan iran a segar
upc_ca_ona_100074.wav	ara deixin dir-li dues coses de gran discrepància entre vostès i nosaltres dues només dues de les multes més que hi podria haver però només dues molt importants
upc_ca_ona_100028.wav	de conformitat amb la disposició final primera i el que estableix l'article cent onze punt ús del reglament del parlament de catalunya l'aprovació de la proposta de reforma del reglament del parlament requereix l'aprovació amb votació final per la majoria absoluta
upc_ca_ona_100059.wav	no sé si és manca de coratge manca de personalitat o que veuen una manca de coratge i manca de personalitat als agents que han de compondre aquest triangle trinitari que té un misteri que vostè encara no ens ha resolt
common_voice_ca_31074096.wav	es va traslladar a madrid de forma clandestina
upc_ca_ona_100068.wav	i llavors el rector així diu s'ha de dir això perquè no passi això
upc_ca_ona_100102.wav	el nostre grup parlamentari votarà a favor del punt un punt a i un punt bé però en canvi no podrà donar recolzament als altres tres punts
upc_ca_ona_100092.wav	per tant doncs una part de l'eix de les gavarres com a mínim pensem que caldria desdoblar-la fins a palamós
common_voice_ca_30816683.wav	els cupaires continuen formant part de la comissió de territori
upc_ca_pau_101006.wav	si algú té alguna pregunta a la faríem si no ho repeteixo donaríem per acabada aquesta primera part de la reunió i acomiadarien les persones que han vingut a comparèixer
upc_ca_pau_101072.wav	i és un refugi biològic el riu tort curiosament i és refugi biològic des de fa molts anys potser portem quinze anys o divuit anys com a refugi biològic
upc_ca_pau_101012.wav	debat i votació de la sol·licitud de compareixença del partit d'iniciativa per catalunya-verds
common_voice_ca_31173901.wav	john ramifica l'amarg sorprenc sentinella xiular bagenca
upc_ca_pau_101073.wav	mirant el futur potser corregirem allò que interessa el país i el nostre grup i el nostre govern estarà molt molt agraïts de la col·laboració que puguem rebre del seu col·legi
upc_ca_ona_100043.wav	però sí que demanem i ho treballarem és que la taxa aquesta taxa creada per anar a pescar per anar a fer un esport que som els únics que paguem per fer un esport
common_voice_ca_31168100.wav	pilar veiés i de luna és un artista nascuda a vic
common_voice_ca_31792897.wav	divendres el llop i na núria volen anar a bunyola
common_voice_ca_30858248.wav	també va donar totes les seves propietats i terrenys els pobres
upc_ca_ona_100049.wav	aquest projecte d'alguna manera intentava donar resposta al que els hi ha expressat anteriorment separar desglossar tot el que era govern del que són estructura i funcionar
common_voice_ca_31056631.wav	va ser membre de l'alfàs fa club
common_voice_ca_30957984.wav	us deixo tranquils a tots
upc_ca_pau_101021.wav	sí molt bé jo hi parlava amb un pagès del cantó de ripoll doncs que li arriba la llum però esclar a i es va quedar tot el matí sense electricitat
upc_ca_ona_100066.wav	si creiem que aquestes tecnologies s'han d'utilitzar en benefici de la cultura de la igualació entre cultures persones admetre de la disminució de la separació ens en sortirem
common_voice_ca_31149065.wav	els lligams de la sang
common_voice_ca_20325542.wav	informar del polígon quadrilàter
common_voice_ca_30957086.wav	les mitjanes mòbils exponencials destaquen els canvis recents en el preu d'una acció
common_voice_ca_31340503.wav	utilitzeu barres inclinades normals no invertides
upc_ca_pau_101007.wav	el segon tipus de cartografia que treballem és la cartografia operativa vegeu la figura xii
common_voice_ca_19937250.wav	ciceró considera per damunt de miró
common_voice_ca_30783842.wav	no vam fer càlcul amb els seus números escrits
upc_ca_ona_100061.wav	i precisament per aquest motiu no es podrà implantar sempre hem dit que qualsevol iniciativa que vagi encaminada a fer onejar m català o un sistema de mesurament per les emissores catalanes
common_voice_ca_31261336.wav	amb la llarga caminada i ho sentia cansat aclaparat retut
common_voice_ca_31325473.wav	torre podrà mantenir els llaços
common_voice_ca_18489699.wav	des d'ahir que la tia no s'acaba de trobar bé
upc_ca_pau_101080.wav	de fet divendres passat vaig tornar doncs de la zona fronterera entre frança i andorra des de la zona que comprèn la carretera que va des de llúria fins a tivissa que és on s'acumulen bona part dels camps de refugiats tant a la part francesa com a la part andorrana
upc_ca_ona_100036.wav	digues no miri és un esquizofrènic com podria ser diabètic però no és diabètic és esquizofrènic i punt
upc_ca_pau_101019.wav	no dubti que si vostè em pregunta en qualsevol moment sobre l'estat d'aquests dos assumptes judicials en què està personada la generalitat de catalunya joc de tot el que em demani informació i transparència li donaré
common_voice_ca_31325807.wav	era un noi encantador un veritable cavaller
common_voice_ca_31351008.wav	el seu retorn fou membre del consell d'estat i del consell suprem de guerra
upc_ca_ona_100079.wav	ja està ja els hem tornat però no parlem de mercadeig polític ni hem de parlar de mercadeig polític perquè del que estem parlant és de finances públiques i d'ajuts i de temes molt seriosos que seria bo que no se'n fes cap tipus de frivolitat
upc_ca_pau_101008.wav	és a dir la primera és anem a l'emergència movem mitjans dins de l'emergència treballem dins de la vergència
upc_ca_ona_100084.wav	jo amb el permís dels meus companys vaig dir a l'inspector d'aquí de la via laietana que amb això no hi estaven d'acord
upc_ca_ona_100024.wav	s'adona que no té més temps i diu gràcies senyor president i no dóna la solució definitiva que tots esperem que sigui millor
common_voice_ca_31121143.wav	rocha el sis trenta-sis cinquanta-tres seixanta-vuit vuitanta-nou
common_voice_ca_31292778.wav	apunta la gent del número de la feia amortidor sis zero sis trenta-set seixanta-quatre cinquanta-un
upc_ca_ona_100085.wav	si ens presenten un document oficial conforma nosaltres autoritzem a fer la prova de la dena perquè no ens presenten un document oficial dient que hem fet la prova de la dena adeu cinc un mil cadàvers i el nostre no contrastar amb això
common_voice_ca_31391614.wav	l'ampa mare es diu fluir quadre c a d r a
common_voice_ca_31337809.wav	josep fuster noguera va ser un dirigent esportiu nascut a barcelona
common_voice_ca_31339338.wav	antoni de pravia té unes característiques comunes amb la regió central occidental del principat
common_voice_ca_31340683.wav	tu també seus
common_voice_ca_31760199.wav	dilluns la duna anirà a castell platja d'aro
common_voice_ca_31345308.wav	el fenomen de l'electricitat atmosfèrica pot ser de tres tipus
common_voice_ca_31239887.wav	ella va estudiar i es va graduar a l'internat més forts school a pits fil massachusetts
upc_ca_ona_100022.wav	en tot cas ells tindran a partir d'ara un vuitanta-set per cent de les accions i a nosaltres només ens quedarà un xiii un xiii sí perquè tenien als cinquanta-dos més el trenta-cinc coma vuitanta-set quedem amb el xiii
upc_ca_pau_101087.wav	finalment plantegem que mentre no es faci aquest nou pla director amb aquests criteris que nosaltres plantegem doncs no hi hagi més nous camps de golf en el territori català
common_voice_ca_20170673.wav	decora amb elements nadalencs com a boles llums de nadal figuretes llaços
upc_ca_ona_100070.wav	per tant votarem favorablement aquesta proposició no de llei a més tenen un component pedagògic que realment és d'agrair
upc_ca_ona_100031.wav	si fóssim il·legals quan nosaltres en el mes de gener comentem amb el cac que analitzin si és il·legal o no el que estem fent nosaltres l'hauríem retirat en el mateix moment en què el que que ens hagués dit que era il·legal que no ens ho ha dit que no ens ho ha dit
upc_ca_pau_101102.wav	el nostre grup parlamentari votarà a favor del punt ho a i ho bé però en canvi no podrà donar recolzament als altres tres punts
upc_ca_pau_101016.wav	vostè ens ha vingut a dir que hi ha unes grans diferències entre la uab ser i la comissió
common_voice_ca_31820637.wav	dijous nas cel anirà granera
upc_ca_ona_100058.wav	semblaria poc congruent que avui aprovéssim amb un grup parlamentari aquesta pretensió ignori cim que hi ha una ponència que està treballant sobre la llei que ha de regular aquest servei s'hauria de reconduir a la ponència que tenim oberta per fer la llei
upc_ca_pau_101011.wav	pregunta al consell executiu a respondre oralment en comissió sobre els terminis de la connexió amb europa a través del tg bé
upc_ca_pau_101088.wav	ni amb la incorporació dels criteris perquè no seria base d'un govern a l'ombra o d'un govern doncs des de l'oposició sinó d'un govern que governa
upc_ca_pau_101104.wav	és perquè totes les comarques puguin arribar a saber cap a on anem i cap a on ens encaminem i amb quines prioritats
common_voice_ca_31351009.wav	enric bayerri i bartomeu va ser un historiador nascut a tortosa
common_voice_ca_30806019.wav	quin tipus de bitllet t'ha espatllat
common_voice_ca_30899625.wav	jo no menjo mai peix per principi
common_voice_ca_31297951.wav	també era la mare del fill d'això que el príncep privada
common_voice_ca_31315526.wav	sabria montserrat i roig va ser un traductor nascut a olesa de montserrat
upc_ca_ona_100046.wav	però el més greu amb relació a les dades d'intensitat de pas de vehicles és que d'aquests vehicles concretament tres mil sis-cents quaranta-dos s'estima que seran vehicles pesants
upc_ca_ona_100020.wav	l'accident de trànsit avui a catalunya és la primera causa de mortalitat de cinc trenta-quatre anys entre els catalans i les catalanes
common_voice_ca_31159651.wav	mariàngels berguedà vidal és una nedadora nascuda a l'hospitalet de llobregat
upc_ca_pau_101071.wav	b la necessitat d'una escola de primària vallgorguina un a vallgorguina està claríssim
upc_ca_pau_101105.wav	fa tres anys no tenia les dues bessones les dues bessones de sis anys han arribat ara no no és cert l'any que ve hi haurà xiii nens
upc_ca_pau_101081.wav	un registre de totes aquelles persones que sense sostre va anar un menjador van algun lloc a dutxar-se i van a canviar-se de roba
common_voice_ca_31107623.wav	vaig al passatge de roca
common_voice_ca_30783618.wav	convoca arribar al carrer de l'alt i la número trenta-quatre
common_voice_ca_30788569.wav	va nomenar tant federalistes com centralistes a càrrecs importants
common_voice_ca_31320917.wav	la va escriure i dirigir el director de cine cua leon i caço
common_voice_ca_31308015.wav	lluís ridao i martín és un polític nascut a rubi
common_voice_ca_31257236.wav	venceslau va ser deposat després d'un rang de tres mesos però tocar el germanastre de frederic
common_voice_ca_31192759.wav	va ser nominada a l'ós d'or del festival internacional de cinema de berlín
common_voice_ca_31497486.wav	vicenç miquel pous va ser un pintor nascut a sabadell
upc_ca_pau_101074.wav	ara deixin dir-li dues coses de gran discrepància entre vostès i nosaltres dues només dues de les moltes més que hi podria haver però només dues molt importants
common_voice_ca_31634015.wav	alfonso docent il·lusa és un polític nascut a barcelona
upc_ca_pau_101005.wav	jo m'atreveixo a dir que era una selecció de quotes ideològica ideologies tant el millor sentit de la paraula
upc_ca_ona_100023.wav	doncs no enganyem la gent anem a la història vegem exactament què és el que ha passat vegem que aquesta va ser una solució només d'uns mesos de la direcció de la tema
common_voice_ca_31809241.wav	el déu d'agost na blau i na blanca iran a soriguera
common_voice_ca_31352054.wav	es van escriure tres programes per a l'ordinador
upc_ca_pau_101043.wav	però sí que demanem i ho treballarem és que la taxa aquesta taxa creada per anar a pescar per anar a fer un esport que som els únics que paguem per fer un esport
common_voice_ca_31226001.wav	les finestres de la planta baixa estan cobertes amb reixes de ferro forjat
upc_ca_ona_100083.wav	i ell només se'n recorda del nom li diuen que vagi a la policia i ell diu que no sap on és i què no se'n recorda
common_voice_ca_31324791.wav	la meva mare es diu diem entrena e n t r p n ha
common_voice_ca_31063225.wav	les llindes de les balconades del primer pis destaquen dels altres per la seva ornamentació
common_voice_ca_31391064.wav	afegeix a l'agenda al número de juli barregeu-ho sis vuitanta-set seixanta-vuit setanta-quatre xvi
common_voice_ca_30798367.wav	m'agradaria anar de porrera em trec
upc_ca_pau_101027.wav	nosaltres diem fem-ho al revés exactament al revés fem-ho a través del camí de la incentiu fiscal
upc_ca_pau_101023.wav	doncs no enganyem la gent anem a la història vegem exactament què és el que ha passat vegem que aquesta va ser una solució només d'uns mesos de la direcció de late m
common_voice_ca_31501024.wav	aleshores jaume dels baus reclamar la legítima titularitat del principat d'acaia
upc_ca_pau_101038.wav	i ves per on aquest debat polític i acadèmic i academicista del federalisme ha trobat un millor acomodament en aquesta invasió i la interferència de les noves tecnologies concretant pedaços de federalisme
upc_ca_pau_101041.wav	per exemple al país basc no ho d el país basc va a lleó a castella lleó
upc_ca_pau_101033.wav	escolti vostè diu que el mapa de recursos no valia o i tant que no valia
common_voice_ca_31319267.wav	per citar les seves paraules ni tan sols per a restaurar el meu rei
common_voice_ca_23925403.wav	el període neogen segueix el període paleogen i precedeix el període quaternari
common_voice_ca_30746866.wav	els sentiments es consideren apropiats si encaixen en la situació actual
upc_ca_pau_101029.wav	aquesta llei contemplarà la situació de les vint-i-nou mil persones que reben pensions no contributives de jubilació o les trenta una mil persones que reben pensions no contributives d'invalidesa
upc_ca_pau_101024.wav	s'adona que no té més temps i viu gràcies senyor president i no dóna la solució definitiva que tots esperem que sigui millor
upc_ca_pau_101035.wav	i sàpiga que des del meu punt de vista el que passarà serà que el proper govern al decidiran els ciutadans de catalunya les urnes i d'aquí un any i mig
common_voice_ca_30759191.wav	ha comprat una lliure de nous
upc_ca_pau_101015.wav	tot i que també de dir que som coneixedors de l'àmbit de l'espai que té i aquest centre d'assistència primària de palafrugell i probablement en podríem dir que no hi cap
common_voice_ca_30949777.wav	l'estació més propera és l'estació de tren de caça roc
upc_ca_pau_101040.wav	el segon grup representaria un total intro un deu i quinze per cent dels casos de les encefalopatia espongiforme transmissibles humanes i es deuen a una mutació del gen que codifica el prior
common_voice_ca_31553529.wav	és considerat un dels màxims responsables de l'holocaust a letònia
upc_ca_ona_100090.wav	el que sí hem fet ha estat anar intentant reconduir-lo perquè no fos tan dolent com el principi
common_voice_ca_31233148.wav	sis anys després es posa a treballar a la casa de les palmeras francisca montenegro
common_voice_ca_31340770.wav	david garcía garcía és un jugador de bàsquet nascut a mataró
upc_ca_pau_101055.wav	quedo al·lucinat és el que ens proposen les confraries d'acord això ja ho sé que és el que els proposa les confraries
upc_ca_ona_100009.wav	penso que és més com a mínim pedagògic sobretot per a vostès que no pas escoltar un rotllo d'una hora llegit d'un paper
upc_ca_ona_100088.wav	ni amb la incorporació dels criteris perquè no seria amb base d'un govern a l'ombra o d'un govern doncs des de l'oposició sinó d'un govern que governa
upc_ca_ona_100027.wav	nosaltres diem fem-ho al revés exactament al revés fem-ho a través del camí del incentiu fiscal
upc_ca_ona_100017.wav	tot i això sembla que vostès tenen una estreta relació amb la uab ser i que a més a més els agraeix els informes enviar
upc_ca_pau_101065.wav	hom imaginar el que desitja hom obté el que imagina i finalment hom creia el que vol
common_voice_ca_31773181.wav	demà passat entrar a quina blau aniran al cinema
upc_ca_pau_101050.wav	evidentment si no s'ha fet nosaltres continuem insistint que és necessari que es faci i per tant hem de donar suport a aquesta proposició no de llei però recordant això que estem duplicant un mandat que ja existia de l'any noranta-sis
common_voice_ca_31455911.wav	la sol·licitud d'antic hila d'impedir els nomenaments presidencials dels ens i veraços
common_voice_ca_31195246.wav	va ser convidat a ras i ens ali pels seus treballs revolucionaris
upc_ca_pau_101067.wav	aleshores és aquest tipus d'informació que m'agradaria si la tenen que subministra cim és a dir sobre els estudiants matriculats quants aproven a quants es mantenen
upc_ca_pau_101017.wav	tot i això sembla que vostès tenen una estreta relació amb la uab c i que a més a més els agraeix als informes enviats
common_voice_ca_31118283.wav	eren calvinistes estrictes
upc_ca_ona_100039.wav	per tant potser vindrà però també doni'm un cert marge de capacitat i de confiança en l'equip de la conselleria per intentar evitar que no arribi
upc_ca_pau_101107.wav	evidentment millorar-les evidentment dotant-les evidentment dotant-les amb temes tecnològics i materials
common_voice_ca_31783827.wav	dissabte en pere ira al metge
common_voice_ca_31355082.wav	punt es diu fulles stop en anglès britànic i període en anglès americà
common_voice_ca_30957864.wav	la comunitat no constituïda de cinco es troba la ciutat
common_voice_ca_30957977.wav	la sang també es pot treure d'un catèter arterial
upc_ca_ona_100011.wav	pregunta al consell executiu a respondre oralment en comissió sobre els terminis de la connexió amb europa a través del tejero
common_voice_ca_19928655.wav	es troba demà dijous cost i el blog de la mar del japó
common_voice_ca_31241514.wav	la mida varia en funció de la família de la qual parlem
upc_ca_ona_100086.wav	debat i votació del grup parlamentari d'iniciativa per catalunya-verds juntament amb un altre diputat
common_voice_ca_30943492.wav	per voler impulsar la filtració de fonaments una cortina d'injeccions de ciment de dues línia estat s'allargà fins a sota a base
common_voice_ca_31302766.wav	benet ribas i calaf va ser un monjo i arxiver nascut a barcelona
common_voice_ca_19034690.wav	canvis mi la missió de construccions sensacional
upc_ca_ona_100006.wav	si algú té alguna pregunta la faríem si no ho repeteixo donaríem per acabada aquesta primera part de la reunió i acomiadar ahir amb les persones que han vingut a comparèixer
common_voice_ca_31430396.wav	m'agradaria anar a la font d'en carròs a peu
upc_ca_ona_100007.wav	el segon tipus de cartografia que treballem és la cartografia operativa vegeu la figura xii
upc_ca_ona_100005.wav	jo m'atreveixo a dir que era una selecció de quotes ideològica ideologisme en el pitjor sentit de la paraula
common_voice_ca_31340186.wav	centenars de milers més van fugir d'alemanya
common_voice_ca_18489700.wav	venim de canals
common_voice_ca_31326639.wav	ramon de nicolau i de foc va ser un noble i empresari nascut a reus
common_voice_ca_31118065.wav	en un món ideal la xocolata no conté calories però segueixen deliciosa
upc_ca_ona_100040.wav	el segon grup representaria un total entre un deu i quinze per cent dels casos de les encefalopatia espongiforme es transmissibles humanes i es deuen a una mutació del gen que codifica el prior
upc_ca_pau_101063.wav	en aquest sentit li donem senyor conseller ara sí que em dirigeixo a vostè ple suport
upc_ca_ona_100013.wav	això no vol dir que la xarxa no ha de ser flexible flexible per als diferents menors que hi ha no només flexible entre els autòctons i els que vénen sols és que també entre els autòctons i hauria d'haver flexibilitat
upc_ca_pau_101058.wav	semblaria poc congruent que avui aprovéssim amb un grup parlamentari i aquesta pretensió ignore cim que hi ha una ponència que està treballant sobre la llei que ha de regular aquest servei s'hauria de reconduir la ponència que tenim oberta per fer i la llei
common_voice_ca_31360128.wav	a cambridge va rebre la influència del geòmetra h f vaca
common_voice_ca_31265085.wav	els observatoris individuals del sistema participen en aquests serveis de manera voluntària
upc_ca_ona_100018.wav	i no dubti que quan jo tingui notificació de qualsevol control intern ho torno a dir impulsats per la mateixa conselleria liu
upc_ca_ona_100054.wav	nosaltres en aquests moments no demanem ja protecció com demanava sempre al sector tèxtil protegir-los protegir un ús no en aquests moments no demanem protecció no la volem i ho dic en veu alta
upc_ca_ona_100080.wav	de fet divendres passat vaig tornar doncs de la zona fronterera entre frança i andorra des de la zona que comprèn la carretera que va des de llúria fins a tivissa que és on s'acumula en bona part dels camps de refugiats tant a la part francesa com a la part andorrana
upc_ca_ona_100000.wav	igualment la regulació de la conservació de la història clínica permetrà resoldre casos que a hores d'ara van arribant d'un en un
